"","Rank","Title","Type","Issn","SJR","SJR Quartile","H index","Total Docs. (2016)","Total Docs. (3years)","Total Refs.","Total Cites (3years)","Citable Docs. (3years)","Cites / Doc. (2years)","Ref. / Doc.","Country","Categories","open.access","region"
"1",1,"Journal of Operations Management","journal","ISSN 02726963","4,599","Q1",149,50,134,3235,786,123,"5,8",647,"Netherlands","Computer Science Applications (Q1); Industrial and Manufacturing Engineering (Q1); Management Science and Operations Research (Q1); Strategy and Management (Q1)",0,2
"2",2,"Manufacturing and Service Operations Management","journal","ISSN 15265498, 15234614","4,013","Q1",63,38,133,1558,315,130,"1,84",41,"United States","Management Science and Operations Research (Q1); Strategy and Management (Q1)",0,1
"3",3,"Management Science","journal","ISSN 00251909, 15265501","3,885","Q1",198,195,506,9796,1824,504,"3,05",5024,"United States","Management Science and Operations Research (Q1); Strategy and Management (Q1)",0,1
"4",4,"Omega","journal","ISSN 03050483","3,674","Q1",102,146,328,5554,1611,292,"5",3804,"United Kingdom","Information Systems and Management (Q1); Management Science and Operations Research (Q1); Strategy and Management (Q1)",0,4
"5",5,"Research Policy","journal","ISSN 00487333","3,625","Q1",178,159,434,11706,2360,416,"5,15",7362,"Netherlands","Engineering (miscellaneous) (Q1); Management of Technology and Innovation (Q1); Management Science and Operations Research (Q1); Strategy and Management (Q1)",0,2
"6",6,"Production and Operations Management","journal","ISSN 10591478","3,163","Q1",82,133,385,5514,934,374,"2,15",4146,"United States","Industrial and Manufacturing Engineering (Q1); Management of Technology and Innovation (Q1); Management Science and Operations Research (Q1)",0,1
"7",7,"Journal of Management Information Systems","journal","ISSN 07421222","3,036","Q1",119,46,149,2820,602,129,"3,04",613,"United States","Computer Science Applications (Q1); Information Systems and Management (Q1); Management Information Systems (Q1); Management Science and Operations Research (Q1)",0,1
"8",8,"Operations Research","journal","ISSN 0030364X, 15265463","2,94","Q1",109,101,295,3857,744,287,"1,98",3819,"United States","Computer Science Applications (Q1); Management Science and Operations Research (Q1)",0,1
"9",9,"Transportation Research Part B: Methodological","journal","ISSN 01912615","2,742","Q1",98,206,436,8557,1972,424,"4,16",4154,"United Kingdom","Management Science and Operations Research (Q1); Transportation (Q1)",0,4
"10",10,"European Journal of Operational Research","journal","ISSN 03772217","2,505","Q1",200,576,2047,23425,6950,1803,"3,62",4067,"Netherlands","Information Systems and Management (Q1); Management Science and Operations Research (Q1); Modeling and Simulation (Q1)",0,2
"11",11,"Computers and Operations Research","journal","ISSN 03050548","2,326","Q1",118,213,766,7663,2785,732,"3,65",3598,"United Kingdom","Computer Science (miscellaneous) (Q1); Management Science and Operations Research (Q1); Modeling and Simulation (Q1)",0,4
"12",12,"International Journal of Production Economics","journal","ISSN 09255273","2,216","Q1",131,281,1165,14844,4690,1075,"4,29",5283,"Netherlands","Business, Management and Accounting (miscellaneous) (Q1); Economics and Econometrics (Q1); Industrial and Manufacturing Engineering (Q1); Management Science and Operations Research (Q1)",0,2
"13",13,"Journal of Informetrics","journal","ISSN 17511577","2,029","Q1",50,104,280,4094,832,258,"3,26",3937,"Netherlands","Applied Mathematics (Q1); Computer Science Applications (Q1); Management Science and Operations Research (Q1); Modeling and Simulation (Q1); Statistics and Probability (Q1)",0,2
"14",14,"Transportation Research, Part C: Emerging Technologies","journal","ISSN 0968090X","1,935","Q1",82,230,723,9657,3089,680,"4,42",4199,"United Kingdom","Automotive Engineering (Q1); Computer Science Applications (Q1); Management Science and Operations Research (Q1); Transportation (Q1)",0,4
"15",16,"Journal of Business Logistics","journal","ISSN 07353766, 21581592","1,784","Q1",21,28,99,1673,327,86,"2,9",5975,"United States","Business, Management and Accounting (miscellaneous) (Q1); Management Science and Operations Research (Q1)",0,1
"16",17,"Mathematics of Operations Research","journal","ISSN 0364765X, 15265471","1,744","Q1",62,77,153,2564,277,153,"1,41",333,"United States","Computer Science Applications (Q1); Management Science and Operations Research (Q1); Mathematics (miscellaneous) (Q1)",0,1
"17",18,"Transportation Research Part E: Logistics and Transportation Review","journal","ISSN 13665545","1,694","Q1",78,163,396,7269,1402,373,"3,44",446,"United Kingdom","Business and International Management (Q1); Management Science and Operations Research (Q1); Transportation (Q1)",0,4
"18",19,"INFORMS Journal on Computing","journal","ISSN 10919856, 15265528","1,647","Q1",61,52,170,1931,314,168,"1,62",3713,"United States","Computer Science Applications (Q1); Information Systems (Q1); Management Science and Operations Research (Q1); Software (Q1)",0,1
"19",20,"Transportation Research Part A: Policy and Practice","journal","ISSN 09658564","1,613","Q1",93,227,536,9361,1725,519,"3,02",4124,"United Kingdom","Civil and Structural Engineering (Q1); Management Science and Operations Research (Q1); Transportation (Q1)",0,4
"20",21,"Flexible Services and Manufacturing Journal","journal","ISSN 19366582, 19366590","1,553","Q1",36,57,82,946,187,72,"2,63",166,"United States","Industrial and Manufacturing Engineering (Q1); Management Science and Operations Research (Q1)",0,1
"21",22,"OR Spektrum","journal","ISSN 01716468, 14366304","1,539","Q1",53,43,125,1335,272,117,"1,95",3105,"Germany","Management Science and Operations Research (Q1)",0,2
"22",23,"Journal of Global Optimization","journal","ISSN 09255001, 15732916","1,484","Q1",67,144,508,3694,964,483,"1,85",2565,"Netherlands","Applied Mathematics (Q1); Computer Science Applications (Q1); Control and Optimization (Q1); Management Science and Operations Research (Q1)",0,2
"23",24,"International Journal of Production Research","journal","ISSN 1366588X, 00207543","1,463","Q1",101,532,1400,18291,3638,1336,"2,52",3438,"United Kingdom","Industrial and Manufacturing Engineering (Q1); Management Science and Operations Research (Q1); Strategy and Management (Q1)",0,4
"24",25,"Sport Management Review","journal","ISSN 14413523","1,422","Q1",34,66,138,2854,371,129,"2,27",4324,"Australia","Business and International Management (Q1); Management Science and Operations Research (Q1); Marketing (Q1); Organizational Behavior and Human Resource Management (Q1); Sports Science (Q1); Strategy and Management (Q1); Tourism, Leisure and Hospitality Management (Q1)",0,3
"25",26,"Journal of Complex Networks","journal","ISSN 20511310, 20511329","1,418","Q1",10,15,80,648,294,78,"3,71",432,"United States","Applied Mathematics (Q1); Computational Mathematics (Q1); Computer Networks and Communications (Q1); Control and Optimization (Q1); Management Science and Operations Research (Q1)",0,1
"26",27,"Journal of Scheduling","journal","ISSN 10946136","1,329","Q1",51,67,149,1634,206,135,"1,39",2439,"Netherlands","Artificial Intelligence (Q1); Engineering (miscellaneous) (Q1); Management Science and Operations Research (Q1); Software (Q1)",0,2
"27",28,"Journal of Heuristics","journal","ISSN 15729397, 13811231","1,321","Q1",55,33,100,1035,204,96,"1,83",3136,"Netherlands","Artificial Intelligence (Q1); Computer Networks and Communications (Q1); Control and Optimization (Q1); Information Systems (Q1); Management Science and Operations Research (Q1); Software (Q1)",0,2
"28",29,"Naval Research Logistics","journal","ISSN 0894069X","1,116","Q1",57,46,143,1425,151,140,"0,84",3098,"United States","Management Science and Operations Research (Q1); Modeling and Simulation (Q1); Ocean Engineering (Q1)",0,1
"29",30,"Journal of Quality Technology","journal","ISSN 00224065","1,098","Q1",70,23,84,850,89,66,"1,56",3696,"United States","Industrial and Manufacturing Engineering (Q1); Management Science and Operations Research (Q1); Safety, Risk, Reliability and Quality (Q1); Strategy and Management (Q1)",0,1
"30",31,"Journal of Optimization Theory and Applications","journal","ISSN 15732878, 00223239","1,091","Q1",71,244,659,6320,848,619,"1,21",259,"United States","Applied Mathematics (Q1); Control and Optimization (Q1); Management Science and Operations Research (Q1)",0,1
"31",32,"Production Planning and Control","journal","ISSN 13665871, 09537287","1,073","Q1",56,103,261,6493,635,247,"2,64",6304,"United Kingdom","Computer Science Applications (Q1); Industrial and Manufacturing Engineering (Q1); Management Science and Operations Research (Q1); Strategy and Management (Q1)",0,4
"32",33,"Journal of Management in Engineering - ASCE","journal","ISSN 0742597X","1,061","Q1",46,95,252,4529,551,244,"2,05",4767,"United States","Engineering (miscellaneous) (Q1); Industrial Relations (Q1); Management Science and Operations Research (Q1); Strategy and Management (Q1)",0,1
"33",34,"Quality and Reliability Engineering International","journal","ISSN 07488017, 10991638","1,048","Q1",44,279,373,6292,640,340,"1,71",2255,"United States","Management Science and Operations Research (Q1); Safety, Risk, Reliability and Quality (Q1)",0,1
"34",35,"Queueing Systems","journal","ISSN 15729443, 02570130","1,019","Q2",43,46,142,1072,155,127,"1,14",233,"Netherlands","Computer Science Applications (Q1); Computational Theory and Mathematics (Q2); Management Science and Operations Research (Q2)",0,2
"35",36,"International Transactions in Operational Research","journal","ISSN 09696016","1,01","Q2",16,129,185,2255,285,154,"1,8",1748,"Denmark","Business and International Management (Q1); Computer Science Applications (Q1); Management of Technology and Innovation (Q1); Strategy and Management (Q1); Management Science and Operations Research (Q2)",0,2
"36",37,"Annals of Operations Research","journal","ISSN 15729338, 02545330","1,009","Q2",85,524,779,11741,995,640,"1,33",2241,"Netherlands","Decision Sciences (miscellaneous) (Q2); Management Science and Operations Research (Q2)",0,2
"37",38,"Journal of the Operational Research Society","journal","ISSN 01605682","1,004","Q2",83,121,489,4636,763,478,"1,24",3831,"United Kingdom","Management Information Systems (Q1); Marketing (Q1); Strategy and Management (Q1); Management Science and Operations Research (Q2)",0,4
"38",39,"Journal of Manufacturing Processes","journal","ISSN 15266125","0,984","Q2",28,138,266,3866,631,253,"2,55",2801,"Netherlands","Industrial and Manufacturing Engineering (Q1); Strategy and Management (Q1); Management Science and Operations Research (Q2)",0,2
"39",40,"Journal of Engineering and Technology Management - JET-M","journal","ISSN 09234748","0,902","Q2",52,25,111,1935,246,88,"2,61",774,"Netherlands","Engineering (miscellaneous) (Q1); Industrial Relations (Q1); Information Systems and Management (Q1); Strategy and Management (Q1); Management Science and Operations Research (Q2)",0,2
"40",41,"International Journal of Lean Six Sigma","journal","ISSN 20404166, 20404174","0,886","Q2",19,20,62,1047,138,62,"1,8",5235,"United Kingdom","Management Science and Operations Research (Q2)",0,4
"41",42,"Quality Technology and Quantitative Management","journal","ISSN 16843703","0,879","Q2",10,63,100,1099,132,96,"0,92",1744,"United Kingdom","Business and International Management (Q1); Industrial Relations (Q1); Information Systems and Management (Q1); Management of Technology and Innovation (Q2); Management Science and Operations Research (Q2)",0,4
"42",43,"Operations Research Letters","journal","ISSN 01676377","0,841","Q2",61,162,379,2512,425,373,"0,76",1551,"Netherlands","Industrial and Manufacturing Engineering (Q1); Software (Q1); Applied Mathematics (Q2); Management Science and Operations Research (Q2)",0,2
"43",44,"Interfaces","journal","ISSN 1526551X, 00922102","0,837","Q2",53,37,137,637,111,130,"0,67",1722,"United States","Strategy and Management (Q1); Management of Technology and Innovation (Q2); Management Science and Operations Research (Q2)",1,1
"44",45,"Public Transport","journal","ISSN 1866749X, 16137159","0,832","Q2",15,24,55,976,99,53,"1,39",4067,"Germany","Information Systems (Q1); Mechanical Engineering (Q1); Management Science and Operations Research (Q2); Transportation (Q2)",0,2
"45",46,"Foundations and Trends in Technology, Information and Operations Management","journal","ISSN 15719545","0,794","Q2",8,4,3,918,3,3,"1",2295,"United States","Management Science and Operations Research (Q2)",0,1
"46",47,"Engineering Optimization","journal","ISSN 0305215X, 10290273","0,77","Q2",51,143,271,3604,528,258,"2,07",252,"United Kingdom","Industrial and Manufacturing Engineering (Q1); Applied Mathematics (Q2); Computer Science Applications (Q2); Control and Optimization (Q2); Management Science and Operations Research (Q2)",0,4
"47",48,"Optimization","journal","ISSN 02331934, 10294945","0,749","Q2",33,154,375,3506,327,355,"0,91",2277,"United Kingdom","Applied Mathematics (Q2); Control and Optimization (Q2); Management Science and Operations Research (Q2)",0,4
"48",49,"Journal of Loss Prevention in the Process Industries","journal","ISSN 09504230","0,747","Q2",56,348,572,8656,1314,530,"2,44",2487,"Netherlands","Chemical Engineering (miscellaneous) (Q1); Energy Engineering and Power Technology (Q1); Food Science (Q1); Industrial and Manufacturing Engineering (Q1); Safety, Risk, Reliability and Quality (Q1); Control and Systems Engineering (Q2); Management Science and Operations Research (Q2)",0,2
"49",50,"Journal of Managerial Psychology","journal","ISSN 02683946","0,736","Q2",54,84,176,4290,316,173,"1,41",5107,"United Kingdom","Applied Psychology (Q2); Management Science and Operations Research (Q2); Organizational Behavior and Human Resource Management (Q2); Social Psychology (Q2)",0,4
"50",51,"Information Processing and Management","journal","ISSN 03064573","0,717","Q2",80,72,228,3218,603,207,"2,75",4469,"United Kingdom","Information Systems (Q1); Library and Information Sciences (Q1); Media Technology (Q1); Computer Science Applications (Q2); Management Science and Operations Research (Q2)",0,4
"51",52,"Journal of Leadership and Organizational Studies","journal","ISSN 19397089, 15480518","0,689","Q2",23,34,101,2492,167,95,"1,48",7329,"United States","Business and International Management (Q1); Sociology and Political Science (Q1); Management Science and Operations Research (Q2); Organizational Behavior and Human Resource Management (Q2); Strategy and Management (Q2)",0,1
"52",53,"Applied Stochastic Models in Business and Industry","journal","ISSN 15264025, 15241904","0,67","Q2",27,74,204,1984,194,165,"1,16",2681,"United States","Business, Management and Accounting (miscellaneous) (Q1); Management Science and Operations Research (Q2); Modeling and Simulation (Q2)",0,1
"53",54,"Technology Analysis and Strategic Management","journal","ISSN 09537325","0,653","Q2",53,117,224,4354,348,212,"1,44",3721,"United Kingdom","Management Science and Operations Research (Q2); Strategy and Management (Q2)",0,4
"54",55,"Personal and Ubiquitous Computing","journal","ISSN 16174909","0,648","Q2",68,74,427,2405,1304,388,"3,35",325,"Germany","Hardware and Architecture (Q1); Computer Science Applications (Q2); Management Science and Operations Research (Q2)",0,2
"55",56,"International Journal of Shipping and Transport Logistics","journal","ISSN 17566517, 17566525","0,635","Q2",16,37,112,1480,140,107,"0,99",40,"United Kingdom","Business and International Management (Q1); Management of Technology and Innovation (Q2); Management Science and Operations Research (Q2); Transportation (Q2)",0,4
"56",57,"Journal of Forecasting","journal","ISSN 02776693, 1099131X","0,615","Q2",45,72,145,1567,143,143,"0,83",2176,"United States","Computer Science Applications (Q2); Management Science and Operations Research (Q2); Modeling and Simulation (Q2); Strategy and Management (Q2); Statistics, Probability and Uncertainty (Q3)",0,1
"57",58,"Management Decision","journal","ISSN 00251747","0,613","Q2",57,120,338,9497,600,338,"1,47",7914,"United Kingdom","Business, Management and Accounting (miscellaneous) (Q1); Management Science and Operations Research (Q2)",0,4
"58",59,"Pesquisa Operacional","journal","ISSN 01017438","0,586","Q2",13,29,92,1158,66,90,"0,81",3993,"Brazil","Management Science and Operations Research (Q2)",1,3
"59",60,"Journal of Humanitarian Logistics and Supply Chain Management","journal","ISSN 20426747, 20426755","0,582","Q2",13,18,43,1002,66,43,"1,63",5567,"United Kingdom","Management Information Systems (Q2); Management Science and Operations Research (Q2)",0,4
"60",61,"Logistics Research","journal","ISSN 1865035X","0,576","Q2",11,25,36,1363,43,32,"1,87",5452,"Germany","Computer Science Applications (Q2); Control and Systems Engineering (Q2); Information Systems (Q2); Management Information Systems (Q2); Management Science and Operations Research (Q2)",1,2
"61",62,"Probability in the Engineering and Informational Sciences","journal","ISSN 14698951, 02699648","0,573","Q2",29,44,113,959,60,106,"0,54",218,"United Kingdom","Industrial and Manufacturing Engineering (Q1); Management Science and Operations Research (Q2); Statistics and Probability (Q3); Statistics, Probability and Uncertainty (Q3)",0,4
"62",63,"International Journal of Operational Research","journal","ISSN 17457645, 17457653","0,556","Q2",20,88,219,3031,202,219,"0,66",3444,"United Kingdom","Management Science and Operations Research (Q2)",0,4
"63",64,"Mathematical Methods of Operations Research","journal","ISSN 14322994, 14325217","0,542","Q2",38,41,112,1064,98,109,"0,86",2595,"Germany","Management Science and Operations Research (Q2); Mathematics (miscellaneous) (Q2); Software (Q2)",0,2
"64",65,"Operations Management Research","journal","ISSN 19369735, 19369743","0,536","Q2",15,16,33,647,42,30,"1,14",4044,"United States","Industrial and Manufacturing Engineering (Q1); Management of Technology and Innovation (Q2); Management Science and Operations Research (Q2); Strategy and Management (Q2)",0,1
"65",66,"Socio-Economic Planning Sciences","journal","ISSN 00380121","0,534","Q2",37,46,76,1071,95,68,"1,56",2328,"United Kingdom","Economics and Econometrics (Q2); Geography, Planning and Development (Q2); Management Science and Operations Research (Q2); Strategy and Management (Q2); Statistics, Probability and Uncertainty (Q3)",0,4
"66",67,"SORT","journal","ISSN 16962281","0,526","Q2",11,16,46,552,45,45,"0,91",345,"Spain","Management Science and Operations Research (Q2); Statistics and Probability (Q3); Statistics, Probability and Uncertainty (Q3)",1,2
"67",68,"International Journal of Logistics Research and Applications","journal","ISSN 13675567, 1469848X","0,512","Q2",17,39,101,2198,115,89,"1,09",5636,"United Kingdom","Computer Science Applications (Q2); Control and Systems Engineering (Q2); Information Systems (Q2); Management Information Systems (Q2); Management Science and Operations Research (Q2)",0,4
"68",69,"Journal of Management Control","journal","ISSN 2191477X, 21914761","0,503","Q3",8,19,56,977,58,44,"0,68",5142,"Germany","Management Information Systems (Q2); Management of Technology and Innovation (Q2); Strategy and Management (Q2); Management Science and Operations Research (Q3)",0,2
"69",70,"EURO Journal on Transportation and Logistics","journal","ISSN 21924376, 21924384","0,491","Q3",3,15,13,471,12,12,"1",314,"United States","Modeling and Simulation (Q2); Transportation (Q2); Management Science and Operations Research (Q3)",0,1
"70",71,"Central European Journal of Operations Research","journal","ISSN 1435246X","0,465","Q3",20,70,154,1669,127,144,"0,76",2384,"Germany","Management Science and Operations Research (Q3)",0,2
"71",72,"Operations Research Perspectives","journal","ISSN 22147160","0,456","Q3",5,11,21,543,41,20,"2,05",4936,"Netherlands","Strategy and Management (Q2); Control and Optimization (Q3); Management Science and Operations Research (Q3); Statistics and Probability (Q3)",1,2
"72",73,"International Journal of Logistics Systems and Management","journal","ISSN 17427975, 17427967","0,429","Q3",21,78,228,4062,302,225,"1,34",5208,"United Kingdom","Information Systems and Management (Q2); Management Information Systems (Q2); Management Science and Operations Research (Q3)",0,4
"73",74,"Egyptian Informatics Journal","journal","ISSN 11108665","0,416","Q3",12,38,81,1250,165,61,"2,7",3289,"Egypt","Computer Science Applications (Q2); Information Systems (Q2); Management Science and Operations Research (Q3)",1,3
"74",75,"International Journal of Engineering Business Management","journal","ISSN 18479790","0,413","Q3",12,7,110,230,83,109,"0,45",3286,"Croatia","Management Science and Operations Research (Q3); Organizational Behavior and Human Resource Management (Q3)",1,2
"75",76,"International Journal of Services and Operations Management","journal","ISSN 17442370, 17442389","0,407","Q3",19,74,221,4077,271,221,"0,75",5509,"United Kingdom","Industrial and Manufacturing Engineering (Q2); Management of Technology and Innovation (Q2); Management Science and Operations Research (Q3)",0,4
"76",77,"Operational Research","journal","ISSN 11092858, 18661505","0,406","Q3",12,86,86,899,74,69,"1,11",1045,"Germany","Management of Technology and Innovation (Q2); Strategy and Management (Q2); Computational Theory and Mathematics (Q3); Management Science and Operations Research (Q3); Modeling and Simulation (Q3); Numerical Analysis (Q3); Statistics, Probability and Uncertainty (Q3)",0,2
"77",78,"Research in Transportation Business and Management","journal","ISSN 22105395","0,395","Q3",12,41,141,1674,190,125,"1,51",4083,"Netherlands","Business and International Management (Q2); Decision Sciences (miscellaneous) (Q2); Economics, Econometrics and Finance (miscellaneous) (Q2); Strategy and Management (Q2); Management Science and Operations Research (Q3); Tourism, Leisure and Hospitality Management (Q3); Transportation (Q3)",0,2
"78",79,"Managerial and Decision Economics","journal","ISSN 01436570, 10991468","0,394","Q3",36,74,131,1998,93,129,"0,54",27,"United States","Business and International Management (Q2); Strategy and Management (Q2); Management of Technology and Innovation (Q3); Management Science and Operations Research (Q3)",0,1
"79",80,"Asia-Pacific Journal of Operational Research","journal","ISSN 02175959","0,388","Q3",25,52,183,1502,129,181,"0,8",2888,"Singapore","Management Science and Operations Research (Q3)",0,3
"80",81,"International Journal of Applied Decision Sciences","journal","ISSN 17558077, 17558085","0,384","Q3",13,21,67,755,66,66,"1,14",3595,"United Kingdom","Information Systems and Management (Q2); Strategy and Management (Q2); Economics and Econometrics (Q3); Management Science and Operations Research (Q3)",0,4
"81",82,"International Journal of Emergency Services","journal","ISSN 20470894, 20470908","0,365","Q3",3,16,39,701,32,39,"1,11",4381,"United Kingdom","Safety Research (Q2); Management Science and Operations Research (Q3)",0,4
"82",83,"Journal of Modelling in Management","journal","ISSN 17465672, 17465664","0,363","Q3",16,45,61,2749,52,53,"0,76",6109,"United Kingdom","Strategy and Management (Q2); Management Science and Operations Research (Q3)",0,4
"83",84,"IET Networks","journal","ISSN 20474954, 20474962","0,346","Q3",6,24,73,593,119,70,"1,7",2471,"United Kingdom","Computer Networks and Communications (Q2); Control and Optimization (Q3); Management Science and Operations Research (Q3)",0,4
"84",85,"Pakistan Journal of Statistics and Operation Research","journal","ISSN 18162711, 22205810","0,331","Q3",6,51,111,1026,42,111,"0,38",2012,"Pakistan","Management Science and Operations Research (Q3); Modeling and Simulation (Q3); Statistics and Probability (Q4); Statistics, Probability and Uncertainty (Q4)",1,3
"85",86,"International Journal of Process Management and Benchmarking","journal","ISSN 14606739, 1741816X","0,331","Q3",9,25,75,1556,81,71,"0,87",6224,"United Kingdom","Business and International Management (Q2); Strategy and Management (Q2); Management Science and Operations Research (Q3)",0,4
"86",87,"International Journal of Product Lifecycle Management","journal","ISSN 17435129, 17435110","0,329","Q3",17,17,47,761,37,45,"0,89",4476,"United Kingdom","Business and International Management (Q2); Safety, Risk, Reliability and Quality (Q2); Management Science and Operations Research (Q3)",0,4
"87",88,"Foresight","journal","ISSN 14659832, 14636689","0,324","Q3",23,36,103,2095,76,102,"0,64",5819,"United Kingdom","Economics, Econometrics and Finance (miscellaneous) (Q2); Management Science and Operations Research (Q3)",0,4
"88",89,"OPSEARCH","journal","ISSN 09750320, 00303887","0,322","Q3",11,49,121,1606,95,121,"0,72",3278,"Germany","Computer Science Applications (Q3); Information Systems (Q3); Management Information Systems (Q3); Management Science and Operations Research (Q3)",0,2
"89",90,"Built Environment Project and Asset Management","journal","ISSN 2044124X","0,317","Q3",8,38,71,1360,75,71,"0,96",3579,"United Kingdom","Civil and Structural Engineering (Q3); Management Science and Operations Research (Q3)",0,4
"90",91,"Yugoslav Journal of Operations Research","journal","ISSN 03540243","0,315","Q3",14,30,119,698,57,118,"0,43",2327,"Serbia","Management Science and Operations Research (Q3)",1,2
"91",92,"Asian Journal of Shipping and Logistics","journal","ISSN 20925212","0,301","Q3",9,32,67,1102,57,63,"0,77",3444,"Netherlands","Business and International Management (Q2); Management of Technology and Innovation (Q3); Management Science and Operations Research (Q3); Transportation (Q3)",1,2
"92",93,"International Journal of Multicriteria Decision Making","journal","ISSN 2040106X","0,286","Q3",7,17,62,670,35,59,"0,44",3941,"Switzerland","Management Science and Operations Research (Q3); Strategy and Management (Q3)",0,2
"93",94,"Journal of Intelligence Studies in Business","journal","ISSN 2001015X","0,281","Q3",5,18,48,648,36,41,"0,56",36,"Sweden","Business, Management and Accounting (miscellaneous) (Q2); Management Science and Operations Research (Q3)",1,2
"94",95,"Advances in Production Engineering and Management","journal","ISSN 18556531, 18546250","0,277","Q3",3,30,29,729,34,29,"1,17",243,"Slovenia","Industrial and Manufacturing Engineering (Q2); Management of Technology and Innovation (Q3); Management Science and Operations Research (Q3); Mechanical Engineering (Q3)",0,2
"95",96,"Advances in Operations Research","journal","ISSN 16879147, 16879155","0,277","Q3",8,19,38,461,16,38,"0,48",2426,"Egypt","Management Science and Operations Research (Q3)",1,3
"96",99,"New Directions for Evaluation","journal","ISSN 10976736","0,253","Q3",8,38,107,703,53,91,"0,35",185,"United States","Education (Q3); Management Science and Operations Research (Q3); Strategy and Management (Q3)",0,1
"97",100,"Competition and Regulation in Network Industries","journal","ISSN 17835917","0,244","Q3",3,0,47,0,15,44,"0,25",0,"United Kingdom","Business, Management and Accounting (miscellaneous) (Q2); Management Science and Operations Research (Q3)",0,4
"98",101,"Journal of Global Information Management","journal","ISSN 10627375, 15337995","0,242","Q3",35,16,48,919,37,48,"0,59",5744,"United States","Information Systems and Management (Q2); Business and International Management (Q3); Computer Science Applications (Q3); E-learning (Q3); Management Science and Operations Research (Q3); Strategy and Management (Q3)",0,1
"99",102,"International Journal for Quality Research","journal","ISSN 18006450, 18007473","0,234","Q3",7,55,105,1778,79,104,"0,86",3233,"Serbia","Management Science and Operations Research (Q3)",1,2
"100",103,"RAIRO - Operations Research","journal","ISSN 03990559, 12903868","0,23","Q3",21,65,116,1824,56,113,"0,56",2806,"France","Computer Science Applications (Q3); Management Science and Operations Research (Q3); Theoretical Computer Science (Q4)",0,2
"101",104,"International Journal of Sport Management and Marketing","journal","ISSN 14758962, 17402808","0,228","Q4",14,9,53,508,24,50,"0,39",5644,"United Kingdom","Business and International Management (Q3); Marketing (Q3); Strategy and Management (Q3); Management Science and Operations Research (Q4); Sports Science (Q4)",0,4
"102",105,"International Journal of Globalisation and Small Business","journal","ISSN 14793059, 14793067","0,222","Q4",12,23,50,1282,39,47,"0,81",5574,"United Kingdom","Business and International Management (Q3); Information Systems and Management (Q3); Management Science and Operations Research (Q4)",0,4
"103",106,"International Journal of Information Systems in the Service Sector","journal","ISSN 19355688, 19355696","0,217","Q4",6,21,59,814,19,59,"0,38",3876,"United States","Information Systems (Q3); Information Systems and Management (Q3); Management Information Systems (Q3); Strategy and Management (Q3); Management Science and Operations Research (Q4)",0,1
"104",108,"Strategic Outsourcing","journal","ISSN 17538300, 17538297","0,213","Q4",9,15,37,861,34,37,"1,04",574,"United Kingdom","Management Science and Operations Research (Q4)",0,4
"105",109,"Boletin de Estadistica e Investigacion Operativa","journal","ISSN 18893805","0,207","Q4",2,18,43,383,8,38,"0,21",2128,"Spain","Management Science and Operations Research (Q4); Statistics, Probability and Uncertainty (Q4)",0,2
"106",110,"International Journal of Ecological Economics and Statistics","journal","ISSN 09731385, 09737537","0,199","Q4",2,32,64,955,13,64,"0,2",2984,"India","Economics and Econometrics (Q4); Management Science and Operations Research (Q4); Statistics, Probability and Uncertainty (Q4)",0,3
"107",111,"International Journal of Management and Enterprise Development","journal","ISSN 14684330, 17418127","0,19","Q4",25,17,50,1066,19,50,"0,4",6271,"United Kingdom","Business and International Management (Q3); Management Science and Operations Research (Q4)",0,4
"108",112,"Journal of Transportation Security","journal","ISSN 19387741, 1938775X","0,182","Q4",9,15,61,391,28,59,"0,4",2607,"Germany","Law (Q3); Political Science and International Relations (Q3); Sociology and Political Science (Q3); Management Science and Operations Research (Q4); Safety Research (Q4); Transportation (Q4)",0,2
"109",114,"Supply Chain Forum","journal","ISSN 16246039, 16258312","0,181","Q4",3,4,59,241,29,53,"0,61",6025,"France","Business and International Management (Q3); Management of Technology and Innovation (Q4); Management Science and Operations Research (Q4)",0,2
"110",116,"International Journal of Advanced Operations Management","journal","ISSN 17589398, 1758938X","0,175","Q4",4,7,35,451,13,34,"0,38",6443,"Switzerland","Management Science and Operations Research (Q4); Organizational Behavior and Human Resource Management (Q4)",0,2
"111",117,"International Journal of Operations and Quantitative Management","journal","ISSN 10821910","0,174","Q4",8,19,50,715,17,49,"0,36",3763,"United States","Business and International Management (Q3); Information Systems and Management (Q3); Strategy and Management (Q3); Management of Technology and Innovation (Q4); Management Science and Operations Research (Q4)",0,1
"112",119,"Espacios","journal","ISSN 07981015","0,17","Q4",3,574,905,17519,62,905,"0,07",3052,"Venezuela","Business and International Management (Q3); Management of Technology and Innovation (Q4); Management Science and Operations Research (Q4)",0,3
"113",120,"Journal of the Operations Research Society of Japan","journal","ISSN 04534514","0,168","Q4",22,17,27,708,8,26,"0,18",4165,"Japan","Decision Sciences (miscellaneous) (Q4); Management Science and Operations Research (Q4)",0,3
"114",121,"Military Operations Research","journal","ISSN 02755823","0,167","Q4",9,0,39,0,13,35,"0,24",0,"United States","Civil and Structural Engineering (Q4); Management Science and Operations Research (Q4); Mechanical Engineering (Q4)",0,1
"115",122,"Journal of Science and Technology Policy Management","journal","ISSN 20534620, 20534639","0,163","Q4",7,18,41,1062,22,41,"0,69",59,"United Kingdom","Industrial Relations (Q3); Strategy and Management (Q3); Management of Technology and Innovation (Q4); Management Science and Operations Research (Q4)",0,4
"116",123,"Journal of Quality","journal","ISSN 10220690","0,16","Q4",7,23,83,791,6,83,"0,06",3439,"Taiwan","Management Science and Operations Research (Q4); Safety, Risk, Reliability and Quality (Q4)",0,3
"117",124,"International Journal of Enterprise Network Management","journal","ISSN 17481252, 17481260","0,151","Q4",7,27,22,608,7,22,"0,32",2252,"United Kingdom","Business and International Management (Q3); Management of Technology and Innovation (Q4); Management Science and Operations Research (Q4)",0,4
"118",125,"Journal of Japan Industrial Management Association","journal","ISSN 13422618, 03864812","0,149","Q4",7,38,155,465,12,151,"0,06",1224,"Japan","Industrial and Manufacturing Engineering (Q3); Applied Mathematics (Q4); Management Science and Operations Research (Q4); Strategy and Management (Q4)",0,3
"119",126,"International Journal of Business Process Integration and Management","journal","ISSN 17418771, 17418763","0,148","Q4",16,0,47,0,15,42,"0,29",0,"United Kingdom","Business and International Management (Q3); Management Science and Operations Research (Q4); Strategy and Management (Q4)",0,4
"120",127,"International Journal of Risk Assessment and Management","journal","ISSN 14668297, 17415241","0,147","Q4",18,20,41,742,12,39,"0,31",371,"United Kingdom","Business and International Management (Q3); Management Science and Operations Research (Q4); Statistics, Probability and Uncertainty (Q4)",0,4
"121",128,"Journal of Enterprise Transformation","journal","ISSN 19488289, 19488297","0,145","Q4",7,11,46,423,16,41,"0,5",3845,"United Kingdom","Control and Systems Engineering (Q4); Information Systems (Q4); Information Systems and Management (Q4); Management Science and Operations Research (Q4); Organizational Behavior and Human Resource Management (Q4)",0,4
"122",129,"Leadership and Management in Engineering","journal","ISSN 15326748","0,144","Q4",11,0,43,0,21,31,"0",0,"United States","Civil and Structural Engineering (Q4); Management Science and Operations Research (Q4); Strategy and Management (Q4)",0,1
"123",130,"ICU Director","journal","ISSN 19444516, 19444524","0,142","Q4",4,0,54,0,8,45,"0",0,"United States","Critical Care and Intensive Care Medicine (Q3); Critical Care Nursing (Q4); Management Science and Operations Research (Q4)",0,1
"124",132,"Quality Progress","journal","ISSN 0033524X","0,135","Q4",28,136,524,435,25,304,"0,11",32,"United States","Industrial and Manufacturing Engineering (Q3); Management Science and Operations Research (Q4); Safety, Risk, Reliability and Quality (Q4); Strategy and Management (Q4)",0,1
"125",136,"Management and Production Engineering Review","journal","ISSN 20808208, 20821344","0,126","Q4",3,40,40,1329,19,40,"0,48",3323,"Germany","Industrial and Manufacturing Engineering (Q3); Business and International Management (Q4); Management of Technology and Innovation (Q4); Management Science and Operations Research (Q4); Organizational Behavior and Human Resource Management (Q4)",1,2
"126",139,"International Journal of Management Science and Engineering Management","journal","ISSN 17509661, 17509653","0,112","Q4",2,19,2,331,0,2,"0",1742,"United Kingdom","Engineering (miscellaneous) (Q4); Information Systems and Management (Q4); Management Science and Operations Research (Q4); Mechanical Engineering (Q4); Strategy and Management (Q4)",0,4
"127",141,"International Journal of Construction Supply Chain Management","journal","ISSN 11790776","0,111","Q4",1,2,4,130,1,4,"0,25",65,"New Zealand","Building and Construction (Q4); Management Science and Operations Research (Q4); Strategy and Management (Q4)",1,3
"128",142,"Logistics Journal","journal","ISSN 18607977","0,111","Q4",2,78,74,1145,5,74,"0,05",1468,"Germany","Control and Systems Engineering (Q4); Management Information Systems (Q4); Management Science and Operations Research (Q4)",0,2
"129",144,"International Journal of Services Operations and Informatics","journal","ISSN 17415403, 1741539X","0,106","Q4",11,6,4,118,1,4,"0",1967,"United Kingdom","Computer Science Applications (Q4); Information Systems (Q4); Management Information Systems (Q4); Management Science and Operations Research (Q4)",0,4
"130",145,"ZWF Zeitschrift fuer Wirtschaftlichen Fabrikbetrieb","journal","ISSN 09470085","0,105","Q4",10,0,123,0,12,114,"0",0,"Germany","Engineering (miscellaneous) (Q4); Management Science and Operations Research (Q4); Strategy and Management (Q4)",0,2
